buyer,image_name,invoice_image,invoice_due_date,invoice_number,invoice_amount,invoice_currency,invoice_status,supplier
South African Gold Mines Corp,scanned_invoice_1.png,,2020-09-01,AA16789-1,22000.89,USD,NEW,Goldie & Sons
South African Gold Mines Corp,scanned_invoice_2.png,,2020-09-01,AA16789-2,45000,USD,NEW,Goldie & Sons
South African Gold Mines Corp,scanned_invoice_3.png,,2020-09-01,AA16789-3,30012.5,USD,NEW,Brown Retailers
Traksas,,,2020-09-01,IIPT78-65,12400,CAD,VOID,United Manufacturers
Traksas,invb.png,,2020-01-01,PPOO90,12400,CAD,PAID,United Manufacturers
Traksas,,,2020-10-23,PP7890U,600,CAD,NEW,United Manufacturers
Axtronics,f1.png,,2020-10-23,AA-C56790,305.45,USD,NEW,Silver Logistics
South African Gold Mines Corp,scanned_invoice_4.png,,2019-12-13,AA16789-4,45000,USD,,Goldie & Sons
South African Gold Mines Corp,,,2019-11-13,AA16789-4,45000,USD,,Goldie & Sons
South African Gold Mines Corp,scanned_invoice_6.png,iVBORw0KGgoAAAANSUhEUgAABAcAAACECAYAAADsr0InAAAKuGlDQ1BJQ0MgUHJvZmlsZQAASImVlgdUU1kax+97L70AIYCAlNCbIJ0AUkIPvTcbIQkklBgTgopdEUdgRBERwTKgIoiCo1JkLIgFK4oF7AMiKuo4WLChsg9Ywszu2d2z3zk395cv3/3Ky7vn/AGgfOOIxRmwEgCZoixJpL8XIz4hkYF/CiAAAzKwBRCHKxWzwsODAWqT+9/tYzcajdoty7Fc//77fzUajy/lAgCFo5zMk3IzUT6GrqdcsSQLAKQM9RssyhKP8QmUVSRogyjfGOPUCX46xskT/Hk8JjrSGwAMBQAChcORpAJAUUf9jGxuKpqHwkTZWsQTilAWoOzOFXB4KNegPCMzc8EY30bZNPkveVL/ljNZnpPDSZXzxCzjRvARSsUZnCX/5+P435aZIZusYQzGBpAERI7t6DO7m74gSM6i5NCwSRbyxuPHWSALiJlkrtQ7cZJ5HJ8g+dmM0OBJThH6seV5stjRk8yX+kZNsmRBpLxWisSbNckcyVRdWXqM3C/gs+X5cwTRcZOcLYwNnWRpelTQVIy33C+RRcr754v8vabq+slnz5T+ZV4hW342SxAdIJ+dM9U/X8SayimNl/fG4/v4TsXEyOPFWV7yWuKMcHk8P8Nf7pdmR8nPZqEv5NTZcPkzTOMEhk8yCEJvmz26AkBwFn9x1tgA3gvESyTCVEEWg4XeLD6DLeJazWDYWttaAzB2Tydeg/fXx+8fpJ485ctAe3KiAQCfnvJx3QBoRP8npcopn0kIAPRKAE5f48ok2RM+zNgHFpCAIlABGkAHGABTYIl25ghcgSfwBYEgDESDBDAPcIEAZAIJWASWgdUgDxSATWArKAe7wR5QAw6BI6AZnABnwAVwBdwAd8AD0AsGwCswBD6CEQiC8BAVokMakC5kBFlAthATcod8oWAoEkqAkqBUSATJoGXQWqgAKobKoUqoFvoVOg6dgS5BXdA9qA8ahN5BX2EEpsAqsDZsDM+EmTALDoKj4blwKrwQzoFz4Y1wGVwFH4Sb4DPwFfgO3Au/gocRgJARNUQPsUSYiDcShiQiKYgEWYHkI6VIFVKPtCIdyC2kF3mNfMHgMHQMA2OJccUEYGIwXMxCzApMIaYcU4NpwpzD3ML0YYYwP7BUrBbWAuuCZWPjsanYRdg8bCm2GtuIPY+9gx3AfsThcGo4E5wTLgCXgEvDLcUV4nbiGnBtuC5cP24Yj8dr4C3wbvgwPAefhc/Db8cfxJ/G38QP4D8TyARdgi3Bj5BIEBHWEEoJBwinCDcJzwkjRCWiEdGFGEbkEZcQi4h7ia3E68QB4giJRjIhuZGiSWmk1aQyUj3pPOkh6T2ZTNYnO5MjyELyKnIZ+TD5IrmP/IWiTDGneFPmUGSUjZT9lDbKPcp7KpVqTPWkJlKzqBuptdSz1MfUzwp0BSsFtgJPYaVChUKTwk2FN4pERSNFluI8xRzFUsWjitcVXysRlYyVvJU4SiuUKpSOK/UoDdPoNBtaGC2TVkg7QLtEe6GMVzZW9lXmKecq71E+q9xPR+gGdG86l76Wvpd+nj6gglMxUWGrpKkUqBxS6VQZUlVWtVeNVV2sWqF6UrVXDVEzVmOrZagVqR1R61b7Ok17Gmsaf9qGafXTbk77pD5d3VOdr56v3qB+R/2rBkPDVyNdY7NGs8YjTYymuWaE5iLNXZrnNV9PV5nuOp07PX/6ken3tWAtc61IraVae7Suag1r62j7a4u1t2uf1X6to6bjqZOmU6JzSmdQl67rrivULdE9rfuSocpgMTIYZYxzjCE9Lb0APZlepV6n3oi+iX6M/hr9Bv1HBiQDpkGKQYlBu8GQoa5hiOEywzrD+0ZEI6aRwGibUYfRJ2MT4zjj9cbNxi9M1E3YJjkmdSYPTammHqYLTatMb5vhzJhm6WY7zW6Yw+YO5gLzCvPrFrCFo4XQYqdF1wzsDOcZohlVM3osKZYsy2zLOss+KzWrYKs1Vs1Wb2YazkycuXlmx8wf1g7WGdZ7rR/YKNsE2qyxabV5Z2tuy7WtsL1tR7Xzs1tp12L31t7Cnm+/y/6uA90hxGG9Q7vDd0cnR4ljveOgk6FTktMOpx6mCjOcWci86Ix19nJe6XzC+YuLo0uWyxGXP10tXdNdD7i+mGUyiz9r76x+N303jlulW687wz3J/Rf3Xg89D45HlccTTwNPnme153OWGSuNdZD1xsvaS+LV6PXJ28V7uXebD+Lj75Pv0+mr7BvjW+772E/fL9Wvzm/I38F/qX9bADYgKGBzQA9bm81l17KHAp0ClweeC6IERQWVBz0JNg+WBLeGwCGBIVtCHoYahYpCm8NAGDtsS9ijcJPwheG/ReAiwiMqIp5F2kQui+yIokfNjzoQ9THaK7oo+kGMaYwspj1WMXZObG3spzifuOK43viZ8cvjryRoJggTWhLxibGJ1YnDs31nb509MMdhTt6c7rkmcxfPvTRPc17GvJPzFedz5h9NwibFJR1I+sYJ41RxhpPZyTuSh7je3G3cVzxPXglvkO/GL+Y/T3FLKU55keqWuiV1UOAhKBW8FnoLy4Vv0wLSdqd9Sg9L358+mhGX0ZBJyEzKPC5SFqWLzi3QWbB4QZfYQpwn7l3osnDrwiFJkKRaCknnSluyVFBBdFVmKlsn68t2z67I/rwodtHRxbTFosVXl5gv2bDkeY5fzr6lmKXcpe3L9JatXta3nLW8cgW0InlF+0qDlbkrB1b5r6pZTVqdvvraGus1xWs+rI1b25qrnbsqt3+d/7q6PIU8SV7Petf1u3/C/CT8qXOD3YbtG37k8/IvF1gXlBZ8K+QWXv7Z5ueyn0c3pmzsLHIs2rUJt0m0qXuzx+aaYlpxTnH/lpAtTSWMkvySD1vnb71Ual+6extpm2xbb1lwWct2w+2btn8rF5TfqfCqaNihtWPDjk87eTtv7vLcVb9be3fB7q+/CH+5W+lf2VRlXFW6B7cne8+zvbF7O/Yx99VWa1YXVH/fL9rfWxNZc67Wqbb2gNaBojq4TlY3eHDOwRuHfA611FvWVzaoNRQcBodlh1/+mvRr95GgI+1HmUfrjxkd29FIb8xvgpqWNA01C5p7WxJauo4HHm9vdW1t/M3qt/0n9E5UnFQ9WXSKdCr31OjpnNPDbeK212dSz/S3z29/cDb+7O1zEec6zwedv3jB78LZDlbH6YtuF09ccrl0/DLzcvMVxytNVx2uNl5zuNbY6djZdN3pessN5xutXbO6Tt30uHnmls+tC7fZt6/cCb3T1R3TfbdnTk/vXd7dF/cy7r29n31/5MGqh9iH+Y+UHpU+1npc9bvZ7w29jr0n+3z6rj6JevKgn9v/6qn06beB3GfUZ6XPdZ/XvrB9cWLQb/DGy9kvB16JX428zvuD9seON6Zvjv3p+efVofihgbeSt6PvCt9rvN//wf5D+3D48OOPmR9HPuV/1vhc84X5peNr3NfnI4u+4b+VfTf73voj6MfD0czRUTFHwhmXAgi64JQUAN7tB4CagGoFVHeTZk/o6HGDJrT/OIH/xBNae9wcAdiHbtFtAISvAmCXJypj0Z029n3Mj9azs5Ovf5o0xc52IhdFE5UmbaOj70YBwCcB8L1zdHSkbHT0eyna7AdUx4RO6PdxHYOqT6R/Cyjh3Zv9YxX4F/sHCqkQAgisuD4AAAGeaVRYdFhNTDpjb20uYWRvYmUueG1wAAAAAAA8eDp4bXBtZXRhIHhtbG5zOng9ImFkb2JlOm5zOm1ldGEvIiB4OnhtcHRrPSJYTVAgQ29yZSA1LjQuMCI+CiAgIDxyZGY6UkRGIHhtbG5zOnJkZj0iaHR0cDovL3d3dy53My5vcmcvMTk5OS8wMi8yMi1yZGYtc3ludGF4LW5zIyI+CiAgICAgIDxyZGY6RGVzY3JpcHRpb24gcmRmOmFib3V0PSIiCiAgICAgICAgICAgIHhtbG5zOmV4aWY9Imh0dHA6Ly9ucy5hZG9iZS5jb20vZXhpZi8xLjAvIj4KICAgICAgICAgPGV4aWY6UGl4ZWxYRGltZW5zaW9uPjEwMzE8L2V4aWY6UGl4ZWxYRGltZW5zaW9uPgogICAgICAgICA8ZXhpZjpQaXhlbFlEaW1lbnNpb24+MTMyPC9leGlmOlBpeGVsWURpbWVuc2lvbj4KICAgICAgPC9yZGY6RGVzY3JpcHRpb24+CiAgIDwvcmRmOlJERj4KPC94OnhtcG1ldGE+CkHT3LkAAEAASURBVHgB7Z0FnFXFF8cP3d2wdHc3SEmHSCghijQqrQIWSCgoHdJlgFggKSqSf7q7Wbq7Y+E/v7PM8+7jvQ1hl4X9HT6Pd9/cuXNnvm939syZc86NdPfu3Ydi5Pr16xI3blwcBlsePtRLg12fFUmABEiABEiABEiABEiABEiABEiABMIfgcjhr0vsEQmQAAmQAAmQAAmQAAmQAAmQAAmQQFgSoHEgLGnzXiRAAiRAAiRAAiRAAiRAAiRAAiQQDgnQOBAOvxR2iQRIgARIgARIgARIgARIgARIgATCkgCNA2FJm/ciARIgARIgARIgARIgARIgARIggXBIgMaBcPilsEskQAIkQAIkQAIkQAIkQAIkQAIkEJYEaBwIS9q8FwmQAAm4Ebh9+7bs3LlTtm3bJteuXXM76/mjecqMXLp0yfNJlpIACZAACZAACZAACbxwBC7fuCdnLt95bFz3/R7KqYu35dZdv8fOhbQg3BgHnray++DBAzl69Khs3rxZzp8/H1IurE8CJEACoU5gx44d0rZtW5k8ebJ888030r59e1mxYoXe9+TJk1ruqRPbt2+Xfv36eTrFMhIgARJ4YQjgMduY76DPQa/zJjCW3r9/39tplpMACZDAC0Gg9w97pGjnpXLk7M0A45mz9pQU77pMfl9zKkD5f/kQbowDT6Lsrl27Vv7++2/X+A8fPizt2rWTPn36yNSpU6Vz584yZswYefjwoauOp4PBgwfLzZsBYXuqxzISIAESeBoEMD/VrFlTMPeMHTtWatWq5TIIwItg3bp1j93Gz89PcufOLT169AhwDvMbzrmLpzL3OvxMAiRAAuGJAOatiRMnqi6HeRL6HPS6/fv3u7rp1Nk+/vhjOXDggOscD0iABEjgRSYw280IMHP5CY/DvXPPs1H1/oOHZl3s8RKJ6rk49Eox4UeJEkUX6rAC4xjiSdm1dd17A+tw1Kj/dv3YsWNy5swZefnllwUeCP3795cKFSpI06ZN9dIjR44I/nDkyZNHypYtq2W4N17OduBlcOfOHYkdO7brlt764K0cF/7Xc66b8oAESCBCEMB8Bc8mO2fUrVtX0qZNKwcPHpQvvvhCy99++2356quvpG/fvlKiRAlZtGiRdOzYUX7//XdVmD/88EPJmDGjGhLu3bunxobGjRsL5sVBgwbJhQsXJFmyZDrXtmjRQnLlyhUh2HKQJEACzy8BzG8wjsIAkCJFCh3Ijz/+qB5TMKTGihVLPUM96WyobHVLS8DOsfYz30mABEjgeSVQr1Rqmb70uHSonUkiR4qkXgTbfa9KhXxJXUOauOiIDJl1QK7fvi/pksWSKV0KSdL4MaT256ulbO4k8oO5Pm7MqDK+QwEpYz43+GKd9G2WU3KmjRc2xoFOnTpJpUqVZNasWfLee++p4jt//nwdQMGCBaVDhw6yb98++eWXX1TZhTvtkCFD5PTp0xI3blw9D+MBlF2Unzt3Tid+LP6hDM+ePVvbunz5spQpU0YiR44sUI6tpE+fXrp166Z/TGBYQBuI74X4+PhI7969tV/4DC+Dnj17Svz48b32wZvCjT9cCxcuVIU+Xbp00qVLF1XKneOHYo4xwX0YMm/ePLV2474UEiCBiEUAC/8RI0YIvJ8yZcokmA8rVqwoceLEka5du6rH07Bhw+Tq1aty8eJF8fX1VSMB5sAbN24oLLjdXrlyRSZMmKDut1CmX3vtNfn666+lZMmS0qhRI1WyR44cqcbTiEWYoyUBEngeCcydO1eaN2/uMgxgDK+//rosX75clixZIr/99psOy+ps+DBjxgydI2EIgEcW9EDkdBk1apTOjdANX331ValTp46MGzdOEiRIICtXrtTz2hj/IwESIIHngEC+DPFl9zHjXbrvkpTInlhmrT4lTcr7yNFzt7T3F67dlT4z9siivqUkh0886TZpu8xff0aaVUirdXKmiy++U6rIyLmHZMyCw2ocuHT9nty97+9lECZhBbdu3ZI///xTsMOFxfk///wjUHjh6g8DAP4IYJFvlV0otVjkf/fdd/rHAbtmuA6LcijP06ZN052zb7/9VkqXLi01atSQokWLygcffKBxaZkzZ1YDgfP7xXU5cuRQJRyuZ/jDMGnSJFW4d+/eLaNHj9bqAwYMkGzZsqli7akP6Bt279A3KN3oP3b/oNzDMIA4YLjAJU2aVIYPH65tOsdfu3ZtWbNmjUtJX7x4sRQvXtzZVR6TAAlEEAKYl+A6C4MkPJsQHgVlF8aAmDFjKgX7jg/vvvuuwPDoLtWrV1cvqAIFCuipU6dO6dwGRTiSsSpjjoFRkkICJEAC4Z0AQqqgE7p7OWEuy5kzp8Ab1F1nw5gwV0Kvw2YQNqBgJIDBAG2hHF6l2KSCZxb0Muhszo2k8M6F/SMBEiABSwDGgF//d1L8THjAjGXHpV7p1PaUJIkXXTYMKy/7T96Qr3/bL0u3nZfbjkSFjV9Kox4HpXMmERgF3OVf33z3M0/5MyZgTOpwB4sePbr89NNPegdM9hs2bFBXWhRAKcau2IkTJ2T8+PFaBxP8li1b1D22fv366jVQuHBhXeAjBADtITwA77AMw5DgLthdQzulSpVSb4GlS5fqHwjkGMDiPkaMGHoJ/rigrqc+bNq06TGFe8qUKXodzsFQAZdgCMYLY4Xtix0/ziVMmFDWr18vMGLA2wGGDQoJkEDEIoB5BsbEXr16qeESxkuEFbRq1Uo9m5InT/4YEOx0eRI7f9lznhJ32bnI1uE7CZAACYRHAtDjIJ7mMehxmO/snAedzdbHRhF0QWskhX63ceNGSZIkiRoH0CauQxkEGz3Q2ygkQAIk8LwRqFUspQz8eb9ULpBcEsaJJrlMOIAV3zM3pUav1dKmegb1LLhxK+C6OFpU/znWLME9SpgZB2zMGJJmYXGMhTEE706F1/4xyJIliytmDHVwDcSZI+D48eOCkAGnYFcNu2+wFEeLFs11Cp4CqIsdfXgeYEetfPnyaiBwVXp04K0P+APjLlbhxricMW62n7YtO35cj10+eE/AAALvBFvXvW1+JgESeHEJYCcfoQLY2XrzzTd1HsCcgLnLGgYwf9hEqs75JSgqmC/R/pw5c6Rhw4bqigv3WgoJkAAJhHcCCKvCxg82XaAvWYFhAE94gdemJ7EGA+c5zKEIH0VeFgj0yQwZMgjCV1OlSuWsymMSIAESeG4IwDvgpTxJpPP47dK9YdYA/Ub+gbQmz0CnOpn10YYj5hyUwln819EBKjo+JIgTVXBd/owJJEzCCnBveAhA8ubNqwox3FyRhwATPZ4uYAVKLeL9oRAjwSBc/BHLnzJlSnUZQzIuCDwJEAJgFWbs/kMQY4syuJwhUQ1k69atuhNXrVo1PS5WrJjGnEEBx869XcCjLhRzb33AAt8q3OjfsmXLNJ4N12FciF1D8i+cg+sa+gxvBogdP47LlSuneQZgxKhcuTKKKCRAAhGQAMIJMJe1bNlS2rRpI59++ql6D2TPnl0VV8xHzZo1CzEZzDfvv/++GgVwPVxsMa96Up5D3DgvIAESIIFQJgCjJnQ/hH1CoM/hca/wEsDGjhXMkYEJdDPkZEEuF2zGIEeV1RedellgbfAcCZAACYQnApEi+6+pG5ZJowkHaxVNGaB7xbInkss37knhTkukQs+Vkj55bM0tcOqS902illXSy0fTdkmhjkskkpkk9UEGcHENaUyq3dEK0CMPH6D0QgmG5RbXILQAcfeY5GHRxZMEdu7cKdOnT9fMtHhUDWL7Meljod+kSROd2FFn6NChWg7L8htvvKFhAlCukY8A7SOjN3bfkHQQTzCA9wAW/2+99Za2AXcytGHDEWAIQLZw9OmTTz7RZDYfffSRXuepD8hXgHwJMCqkTp1aQxCQUBEuwYgdhoEA44oXL57mWMD4nOO3eJCPAM/tRfIwCgmQQMQmAOUVLrB4qsDT8iRCslO4zSZKlEjja5HLAPPc02o/Yn9jHD0JkEBoE0A+KiSqhsBrAPoU8glgnoQ4dTYkHcRTXKCLQc+EURR5raD/DRw4UPVC6GYILW3durXqcUgCi+SEFBIgARJ40QggFwEMBIniRtP8Aldv3pf4sQMPGLhl8hLc93sYNsYBT8Dhjo+XTbYFYwH+CGCRbwVJabDIdhdv5e71kOAQL4QS4I+CFRgdkIzGeijg2Pn4QlsP7+73CkrhxpjgvhuUoQVGDHgwVK1a1Xk7HpMACZDAUyGAfCirV6/W+Ns9e/ZIkSJFNHzhqTTORkiABEggjAggBxR0Qasv/pfbQs/DZhGNo/+FHq8hARKISATCxHMgKKDIHdDbPE6wQoUKgscThmd5UoUbf+Tw6DJkE4el+0n+2IVnTuwbCZAACZAACZAACZAACZAACZDA80MgXBgHnh9c7CkJkAAJkAAJkAAJkAAJkAAJkAAJvHgE/vW1f/HGxhGRAAmQAAmQAAmQAAmQAAmQAAmQAAkEgwCNA8GAxCokQAIkQAIkQAIkQAIkQAIkQAIk8CIToHHgRf52OTYSIAESIAESIAESIAESIAESIAESCAYBGgeCAYlVSIAESIAESIAESIAESIAESIAESOBFJhD4Aw+DGDmeMkAhARIgARIgARIgARIgARIgARIgARJ4vgk8kXEgbdq0z/fo2XsSIAESIAESIAESIAESIAESIAESIAFhWAF/CEiABEiABEiABEiABEiABEiABEggghOgcSCC/wBw+CRAAiRAAiRAAiRAAiRAAiRAAiRA4wB/BkiABEiABEiABEiABEiABEiABEggghOgcSCC/wBw+CRAAiRAAiRAAiRAAiRAAiRAAiRA4wB/BkiABEiABEiABEiABEiABEiABEggghOgcSCC/wBw+CRAAiRAAiRAAiRAAiRAAiRAAiRA4wB/BkiABEiABEiABEiABEiABEiABEggghOgcSCC/wBw+CRAAiRAAiRAAiRAAiRAAiRAAiRA4wB/BkiABEjgGRK4ffu27Ny5U7Zu3SpXr14NVk/u3r0rly5dClZdViIBEiABEiABEiABEnj+CVy+cU/OXL7z2EDu+z2UUxdvy627fo+dC2lBuDEOPC1l9/79+3Lu3DnX68KFCyFlwvokQAIkECYEduzYIW3atJFJkybJN998I+3bt5cVK1bovU+ePCmTJ0/22I/t27dL3759PZ5jIQmQAAlEZAIwnN67d+8xBA8fPlTdEO83btzQl7PssQuCWYC5Gu15Emf79p6e6rGMBEiABIJDoPcPu6VIpyVy5OzNANV/X3NKinVZKnh/Ugk3xoEnUXbXrl0rf/31l7I4evSodO7cWT744AN9denSRVq3bi2LFy9+Ula8ngRIgASeKoGpU6dKrVq1ZMiQITJu3Dg9hqEAcu3aNcHc5i5+fn6SO3du6dmzZ4BTUEJxzl08lbnX4WcSIAESeB4IDBo0SG7eDKgUu/e7V69esmvXLvdiwSYU9EO8//zzz/pylgVmkH2ssUcF6A/uB+8vT+Js397TUz2WkQAJkEBICMxeHdAIMHP5cY+X37n3wGM5PA2M2uhRonosDcVCKKpRokQxHXooDx480GPczpOya+u6dwfeAVGj/tt1GATOnDkjlStXdlWF0g3Bff744w/57rvvpFy5cq7rAms7cuTIgpdTYIWOFi2as0iPvbWDk96ueawRFpAACURIAnfu3NGdLDuPvPrqq5IuXTo5ePCg9O/fXxf7zZs3l6+++ko9BUqUKCGLFi2STp06yezZs7UMhtCMGTPKunXrdM6BsaFx48Zy7Ngx+frrrwXeU8mSJdO57+2339a5NkLC5qBJgASeKwLW4OnU9zZv3iyYN2PHju0aCxbg0M8iRYrkKsMBrsfL6nPRo0eXgQMHSowYMVz1nGXWINuiRQvX+aAOtm3bJl9++aWkSZPGVRX9QbsQZ/uuCsE8sH8XMAanvhzMy1mNBEjgBSVQr1Rq+WHpMelQJ5NENvMevAi2+16VCvmSuUY8YZGvDPntgFy/fV/SJY8tU7sUkqTxY0itz1dL2VxJ9Pq4MaPK+I4FpWzuJFK//1rp92YuyZk2nvy7wnY19/QPOnbsKC+//LL89ttv0qFDB1V8582bpzcqWLCg4PzevXvll19+UWUX1lvspJ06dUrixo2r52E8gLI7ePBgVaZhYHjjjTdUGYaSDLl8+bI0adJEj+1/+GORN29e+f777wVGBbxGjRolmNDxB6NevXpSp04dNS5ggkdIAqRs2bLSrl073bkbM2aMTsz444O+5s+fX9avXy/jx49XC3b8+PHlnXfe0fvAKAGXNlitYd3OkiWLfPbZZy4jiO0X30mABEgASujw4cN1nsmUKZMUKlRIKlasKHHixJFu3bppqAHOX7lyRS5evCi+vr7Sr18/OXv2rMuN9fr163p+woQJgjAF7GS99tpralAoWbKkGgrggTBy5EiPrrb8FkiABEggvBH44Ycf1BCKBTKMm59++ql8+OGH2k0YRz/66COdAxGOhbwt0Alh/KxQoYLWwS499EVcX6RIEXnvvffUUPDJJ5+o7mbHi00clKE9p0EWm0m3bt1S3Q51obPu379f4I1qpW3btto+vLg+/vhj1Svnzp2rZTBeoCx16tTaPvRFK9BV4cEAfRGye/du+fbbb9XIEBx9GWOlkAAJRFwC+TImkN3Hrsm6vZekRI7EMmvVSWlSwUeOnr2lUC5cuyt9pu+RP/uVlhw+8aTbxO0yf91peaNiOlPnpuSqlkGOTK0qI+cckrELDqlx4JLJZXD3vr+XQcDt8VDijAkWu13du3fXxTlc/KHwjh07Vk6fPi2YTLFotzFb2CUrU6aMLugx2cPSiwkcu2AwJmASxR+HadOmSenSpaVGjRpSrFgx1x8ODGPOnDn6+umnn/R6nI8ZM6ZMnz5dXcrguvvFF1+owQK7dL/++qukTJlS2xwwYIDG/cI6PXPmTKlbt67eE+8YBxb/w4YNkzfffFP7+Morr2jfYAzAGPbs2aOK+ejRo+Xw4cM68YcSWjZLAiTwHBPAfIa5CIopjJgIj8LcBmMA5iuIfccxFFx4FrjvkGEOhPGyQIECqKaGVRgTYPxEXXgcwNBKIQESIIHwTgCL/QULFujGCvQ9zHmrVq1SYyn6Dp0wW7ZsMnHiRIH+hc2fRo0ayfz5811Dg84IHRN62IEDB3Rxjx14lOPdii3DPWCQxTyJ67BBtGbNGtUXUffvv/+W4sWL28v0HXosBEYFGDCwUYUQA/Qna9assnz5cr2Xt3vqxeY/GDBg5IUER1/WivyPBEggQhNoWj6t/PK/k+L34KFMX3Zc6pf613spSbzosnF4Bdl/4rp8/es+WbLtnElU+G94QeNyPupxUDpXYrl0/fH8LGFiHMC3hx39nDlzClzC4GaFRTcmfSiu2IW3gmzd2L0/fvy4xuBu2bJFJ05k8oZ7bIMGDdRCXLhwYbX+JkiQQNuDJdW6caEteB/ghXADuIrBegvZuHGjuqRBIYcBAe5lGzZsUC+BmjVryu+//65/cFAXEzoszvB4GDp0qLqxwaoLr4DEiRPrHw/0v1q1aqqYw6oMwR+VRIkSScKECfW+uD+FBEiABJwEoAzCYAoX1Bw5ckj9+vXV6AhFETlYPAnmO0/idJPFebigugsMsBQSIAESCO8EYBDFYh1GACRlfemllzQfi53ncB6en9DLkiZNqps+CxcuVN3Ojg0hWti9hx4G3Q66X2ACXc4aYvEOr09cC/0UXqzY7ccmk1Oc9aETjhgxQr270Gfoidhg+i8SXH35v7TNa0iABF4MArWKp1RvgMVbzknCONEkV7p4roH5nrkp5bqvkEOnb6hnQe3iqVzncBAtql3+BwzFspXCJKwAN0uRIoXeE0orJtzMmTPrZ7zjsxWr1GJitq5TzjrO2DMYENKnT28vDfCOkAArsDjDpathw4aqNPv4+EiGDBn0NNpGvC5cbo8cOSLVq1dXCzRcdyGYpEuVKiUwUsBwAEMBLNT4Q+IU/KGyfbd/wJzneUwCJEACTgLYocLuPryZ3nrrLc0JcOLECTVKJk+eXKtiTrG7XHY+dLbh7RhzKtrHnIUQA+xgYTeOQgIkQALPAwHoYFhgY0MJoaBYmCN80wqMqHDxh/6G8ClsyMBAYMU5X0I/Q/2QCjyy4OmKeRnerE79070t1EF4AUJo8+XLF2TSROf1MBA7Jbj6svMaHpMACUQsAvAOeClPEuk0bpv0aJgtwOC3+16RtMliSadXsuijDYf/flAKZ/13rR2g8qMPCWNHk22Hr0p+E7JgTQee6j3VMruYhussFGK4uWISRYzsoUOHXPeCUosYfggSDGbPnl1+/PFHdfmHlRZu/RAs1pEjAH8A0DZ2+b0J/njgPBRt3B8uu5UqVdIdfriBwbqLfmDnDve0zw+HUo5Hi8GTASEFyJcA6zEMF/BigDcDBMYHtIFyCgmQAAkElwCUScxlyD2Ap6og9hVzDea9VKlS6byF3Cp2/gxuu6iPRIUwCuB6xMtiXqXhMrgEWY8ESOBZEYDO1bJlS8FGDsI3ETqAzRsrWExDj4SnKeL+sXDHZpFTMOfBWwp1ERKAvFXBEadBFnkHEJKAcK8qVaoEevm+ffskXrx40qxZM9Uz0V9r2HW/MFasWFoE3Rd1/vnnnwBV7HwflL4c4CJ+IAESiDAEIj/an25Y1kcTDtYsljLA2ItlTyyXTQ6BQh3/kfI9VkiGFLFlzPzDcuqi902iFlXSy0fTdkrBDv+ETUJC9NhOdpjE4TL77rvvqlsYJn8swJ2PgenatavG7MMogMV/06ZNdRcM5UhUiMSFSNiF54MjzhaL8lmzZqli3apVqwCA8MEaG+D2j7aQU6C5yQAOazJyFuCPBpLYILEN3MHQJ7ijIacBvATgVYDJHLFgyAQOpR33QbIbtAGBRRt/GNzFjtu9nJ9JgARIAEkIMb/A6Ij5BS6ymNMgmLemPkpYhc8Iw7KCsCq8IEiYagXzDRJ5QZYtWyaff/657qihbeQyQBwshQRIgATCMwHE70M3w5wFgyY2d5BvBZLBeH1CF4RhFcfYtIEehvwtMBhg3oMgB5R96gA2iJB/xYonvQxlToMs8gZA78M8i4U+whwCE3gL4BrkyYLeCgMv+gJvVIjzntjowviQZBHzPfInOMXW9aYvO+vymARIIGIRGNYmn2vALxdIJsemVXN9nmCePGBl9eByaiBIFDea5hfo1SSHxDfeAc76RYw3wYLPS+kltYyBoVKByoJHHEYyVlXNzIL417BMWIXJHm5eNmYLiV+w6EembSuwCtuFvS3Du7dyZ52gjqEsY1J2uonhjwkmZfxBgCcA/uCgDvqJe4KPVdzRPiy+KPcWBxxUH3ieBEiABEKLAAydq1ev1iSFSJJatGhR3YULrfuxXRIgARJ4mgSgh0Evg45lN2Lc24cnKDZzoJshITSO7eIaeh7E7tS7Xxucz3369NGQBuSWCkrgdWB1QvQhKL0a+ahg/HDmy/J0D3d92VMdlpEACZDA0yLwzIwDzgHAHQwZXvEIL+zsU0iABEiABEiABEiABEjgWRBAaAOeRoBkhHjigd3IehZ94T1JgARIICwJhAvjQFgOmPciARIgARIgARIgARIgARIgARIgARIISCDMEhIGvC0/kQAJkAAJkAAJkAAJkAAJkAAJkAAJhBcCNA6El2+C/SABEiABEiABEiABEiABEiABEiCBZ0SAxoFnBJ63JQESIAESIAESIAESIAESIAESIIHwQoDGgfDyTbAfJEACJEACJEACJEACJEACJEACJPCMCER9kvseO3bsSS7ntSRAAiRAAiRAAiRAAiRAAiRAAiRAAuGAwBMZB3x8fMLBENgFEiABEiABEiABEiABEiABEiABEiCBJyHAsIInocdrSYAESIAESIAESIAESIAESIAESOAFIEDjwAvwJXIIJEACJEACJEACJEACJEACJEACJPAkBGgceBJ6vJYESIAESIAESIAESIAESIAESIAEXgACNA68AF8ih0ACJEACJEACJEACJEACJEACJEACT0KAxoEnocdrSYAESIAESIAESIAESIAESIAESOAFIEDjwAvwJXIIJEACJEACJEACJEACJEACJEACJPAkBGgceBJ6vJYESIAESIAESIAESIAESIAESIAEXgACNA68AF8ih0ACJEACJEACJEACJEACJEACJEACT0KAxoEnocdrSYAESOAJCdy+fVt27twp27Ztk2vXrgWrtbt378qlS5eCVZeVSIAESIAESIAESIAEnn8Cl2/ckzOX7zw2kPt+D+XUxdty667fY+dCWhAhjANQvq9cuaJs8H7u3DnX6/r16yFlxvokQAIk8FQI7NixQ9q2bSuTJ0+Wb775Rtq3by8rVqzQtk+ePKnlnm60fft26devn6dTLCMBEiABEnhE4MaNG4JXcOXhw4eqH+KdQgIkQALhjUDvH/ZI0c5L5cjZmwG6NmftKSnedZn8vuZUgPL/8uGZGgcGDx4sN28GHFxQg/jll19k7969QVULcH7VqlUyfPhwLRs1apS8//778uGHH+qrXbt28umnn8q9e/cCXMMPJEACJBDaBKZOnSo1a9YUzIVjx46VWrVquQwC8CJYt27dY13w8/OT3LlzS48ePQKcgzKLc+7iqcy9Dj+TAAmQwItIADojXsEVeGV16dJF8B6YgTa47bEeCZAACYQGgdluRoCZy094vM2dew88lt9/8FC82UDDzDgAxfX+/fsBOrh582a5cyegawQmZG8WWyi5cL09e/ZsgHa8Kb8o99RWtWrVZMqUKfoaOXKkHD16VLZs2RKgTX4gARIggdAmgPnu/PnzrkV93bp1pVWrVnLw4EH54osvBJ5Nb7/9tu5kdezYUaZPny4tWrTQMATMXRAYOseMGaPlb731lsyYMUPLjx07Jp06dRKUQdmFUXTXrl16jv+RAAmQwPNAwF1vtH0Oqd5nr/P07mwrevToMmDAAIkRI4aGeXky0Hpqw1OZt00n5/08XccyEiABEgiMQL1SqWX60uPy4NHqHl4E232vSoV8SV2XTVx0RHK1WyxZW/8lZT5YLvtPXpdL1+/pcc+pOyVTiz8ld/vFsnLnBb2mwRfrZPcx/9DWqK5WQvEACu2iRYtUAU6WLJl88skn0r17d71j586dpWfPnur2BQUXIQBRokSR5s2bS4UKFVS5rVSpksyaNUvSpEkjvr6+Mm7cOFWoq1evLvAEgItt5MiR5dVXX5U6derohD506FDZt2+ftpUuXTqJFi2axxHGihVLy+PEiaNKNnbxypUrp2VfffWVFChQQKpUqeLxWhaSAAmQwJMQwMJ/xIgRsnbtWsmUKZMULFhQKlasKJiPunbtqov+YcOGydWrV+XixYs6//Xt21eNBdZVFgYEhEtNmDBB50J4Ibz22mvy9ddfS8mSJaVRo0bqgQBjAowRFBIgARII7wRg3BwyZIjOddAJmzZtqrrYiRMnBPrd6dOnVa+zeh/mQ8ylyN8CKV26tMAz1Cl//fWX6pLwFv3nn39k9+7d2g70Th8fHzWgxo8fX71JoZfCQIuFPOZphH5FihTJ2ZyWQaetXbu2lmNurlGjhqROnVq+/PJLnbPRd/QRhl94ImBM6HvcuHGlQ4cO6gUGI67Vc7FxRSEBEiCBwAjkyxBfF/Lr9l2SEtkTy6zVp6RJeR85eu6WXnbh2l3pM2OPLOpbSnL4xJNuk7bL/PVnpFmFtFonZ7r44julioyce0jGLDgsZXInUcPB3fv+Xgah7jmASXfBggU62U6bNk3Spk0rcPMfPXq0DgAW2mzZssmkSZPklVdeke+++06V2fnz5+v5W7duyZ9//qkL948//liw0MdEjckYO2SwzOLa/v3766SPHbfvv/9eleCJEycKFGv3xF2I6UX9zz77TON9cf8cOXJIqVKl5O+//9b7QuGGl0KxYsX0M/8jARIggadNAMYAzFNQRPPkyaPzDwymMAbEjBlTb2ff8eHdd9/VOdC9HzCURo0aVY2ZOHfq1ClVTKGUQqEtXry4KqPu1/EzCZAACYRHAoMGDVJjKfRGeE19++23uvGDTZusWbMKyqET/vTTT+oRhU0ohGLBSArjAXb8nbv+c+fOlZkzZ8pHH30kqVKlEuiWMDT06dNHEN6VNGlS1UvhbQq9EromDLRYxGPjyt0wAGbQb/GygjBZGGBhhIDRAPosNsP++OMPNTLAYFumTBktxwYYxgLPCKeea9viOwmQAAkERgDGgF//d1L8THjAjGXHpV7p1K7qSeJFlw3DyhtvgRvy9W/7Zem283Lbkaiw8UtpJLLRDUvn9DcKuC58dBDqngNQbDHJYhIsWrSo7soXKlTINdHiPHb9YU1FmAEmeOyiOaVx48aSM2dOLYICDLcvvG/cuFGSJEmixgGchBsYyuBJAFdatI0Xwgg2bdrkajJ9+vRStmxZ/QyXXnglrFmzRj0VEJsGY8KGDRske/bskjBhQtd1PCABEiCBp0UABkgkFezVq5caJ2GgtGEFMEwmT578sVslSJDgsTIUYO5zyoMHj8eYeXPPdV7HYxIgARJ41gTgCXXhwgWpX7++en8WLlxYPUaxaEc5vAiwI58lSxY1IEB33Lp1qzRr1kzgDYoXFvTQE/fs2aNJXrGIf/3119VDwI4PG0LY5YfA2wqGAxuKCmMA9EcI3hF+isW+FRgsvEm+fPl0Uwvze/78+XWeh2cDkmHDIDF+/Hi9FF4J+/fv12OnnuutXZaTAAmQgCVQq1hKGfjzfqlcILkkjBNNcqWNZ0+J75mbUqPXamlTPYN6Fty4FTCsP1pUf98AN2co1/Wh7jmAO8HVCu5TmGARBoDEW07BBAkL7cqVKwULd+yCOSVFihTOj65jKMBwBcucObO+GjRoIDA8oBwGByv4A+EUGCvwRwEvhCHAULB8+XKB4o1JHcd4Va1a1XkZj0mABEjgqRHAjhRCBeABZRfuUByhAFvDAOYyq6xCGQ6uwKiJ9ufMmaPXL1u2LMAOV3DbYT0SIAESCGsCdj506m7Hjx93zWHOuRDH0CFxDTaOrGAhDg8sCMK0sPjG5g/mXCvu7aDck2EV5ZhTEepqXzYkFees2LAthKMiCXaJEiXUaAFvMJsrCwYNq7PCe8DO9d70XNs230mABEjASQDeAS/lSSKdx2/XkALnOeQfSJsslnSqk1mKZE0oO49eM7qgs8bjxwniRNW8BTjz7wr68XpPpQQTNBJsYREPqy4W40eOHHG1DUUYkzUm8TZt2micGGLNnOLuzmUn4Lx582qsLWJ04ao1e/ZsdelC+bx58/SPBazFyHfgFEz++EOCF/oCLwG4mUFgmFi4cKG65cJaTSEBEiCB0CKAcAIkQ23ZsqXOf4iFhfcAvJYwJ2F+xLwZUsGciQSEMHLieoRpIZbW3cMgpO2yPgmQAAmENoHEiRPrZpLV3TBHIgQVnqKYx+DtCUH4FLwGsKmD8FC470O/g/cn3PmtcQCbRsgnhTo2kSuuR4irDTtF+Cv0VKfBAHWsgRb3tZtKeIfhAkYH7PzDgAtd8syZM7hEwxOgg1auXFlDxtAmQg7QBuq+/PLL2pcff/zR5Z3grudqQ/yPBEiABDwQiBTZP/9JwzJp5Prt+1KraMoAtYplTySXb9yTwp2WSIWeZuM9eWzNLXDq0r9hUAEuMB9aVkkvH03bJYU6LpFIZqGttgS4uGKnKSRid7SCugYxYPAKgGIKZfe9994TLLwxefuaBINQkLF7BqMAdvxhdV2/fr0qy8gfgPMZM2bU22AyxaQLIwN29gcOHKhuWrgOE3br1q3VYIA/JEj+AoGSjUkcijcSzLhn7EasLzwbUAdjwrPGYfGFVZdCAiRAAqFNAG60UB4Rp+rcLXuS+2KexDyWKFEijWnF7hW8tp5W+0/SN15LAiRAAoERQGJB5A6Azgjd7I033lAdD3mlELuPJ11h4Y6E0QgzQLgBkgBiQwr6IBbgKEduAghCTWEIwDyIvFUHDhzQENTLly/redwDj4fFDj6MtUhAiM0lJAtEHxBS4L6AR6gBwsLQj3jx4qlhAQlgEaqAvFYox7XwFoAee/jwYe07ymAwaNKkiSagxcaYU8/VDvE/EiABEngCAshFAANBorjRNL/A1Zv3JX7sgJ707s3fMnkJ7vs9DBvjAG6OiRzKL1z3nS7/zo5BQcYEDeUV8VmxY8d+bDJ21rfHSOaCpxG4K71oAwYJ93J7nad3TNqYqBEKASsyhQRIgASeRwLIer169Wo1tiLutkiRIvLmm28+j0Nhn0mABCIoASQZxMLbXVAOHdF9px96H1z+vemZth0kgkU95CGwu/r2XEjeEdKAzTX3fDDYaILnAkId3EMQvI0pJPdlXRIgARIILQJh4jkQWp1/2u3CWwEJEREDBisuhQRIgARIgARIgARI4MUiYI0D8C6gkAAJkAAJ/EuAxoF/WfCIBEiABEiABEiABEiABEiABEiABCIkgVBPSBghqXLQJEACJEACJEACJEACJEACJEACJPAcEaBx4Dn6sthVEiABEiABEiABEiABEiABEiABEggNAjQOhAZVtkkCJEACJEACJEACJEACJEACJEACzxEBGgeeoy+LXSUBEiABEiABEiABEiABEiABEiCB0CAQ+AMPg7jj8ePHg6jB0yRAAiRAAiRAAiRAAiRAAiRAAiRAAuGdwBMZB9KmTRvex8f+kQAJkAAJkAAJkAAJkAAJkAAJkAAJBEGAYQVBAOJpEiABEiABEiABEiABEiABEiABEnjRCdA48KJ/wxwfCZAACZAACZAACZAACZAACZAACQRBgMaBIADxNAmQAAmQAAmQAAmQAAmQAAmQAAm86ARoHHjRv2GOjwRIgARIgARIgARIgARIgARIgASCIEDjQBCAeJoESIAESIAESIAESIAESIAESIAEXnQCNA686N8wx0cCJEACJEACJEACJEACJEACJEACQRCgcSAIQDxNAiRAAiRAAiRAAiRAAiRAAiRAAi86ARoHXvRvmOMjARIgARIgARIgARIgARIgARIggSAI0DgQBCCeJgESIIHQJnD9+nXZvn27HD16VB48eOC63Z07d+Ty5cuuz86DS5cuyb1795xFPCYBEiABEiABEiABEnhBCVy+cU/OXL7z2Oju+z2UUxdvy627fo+dC2kBjQMOYrdv35Zjx445SgIeQhGHQu6Ua9euqVK/d+9euX//vvNUqB7fuHFD8IKcO3dOHj58GKz7oV5I6gerUVYiARL4TwT8/PxkwoQJ0rZtW5kyZYp8/vnnerx//35tb8uWLfLll196bLtv376ybds2j+eCKhw0aJDcvHkzqGo8TwIkQALPhMD5q3fl3v1/DaVh3QmoVFC08X791n19eevDNXMe/Q0tuXHbTy5ee7z9O/cePJX7OscaGmO4YPp+Nwy+S/DY7ntVth2+Iji2gvGdvnTbfgzw/rQYBmiUH0ggFAn0/mG3FOm0RI6cDajD/b7mlBTrslTw/qRC48AjggcPHpQ2bdrI5MmTvTKFIg6FHAKlHnXbtWunSn3//v1VqUc7YSE///yz4IWdxc6dO8vdu4//4bD9OHnypGtcqBdUfXsd30mABEKXwO+//y7r1q2TIUOG6GvSpElSsWJFnWdu3boV4OaYc5zSvXt3yZ07t6sIhj/3OjjpqXzz5s06d7gu5gEJkAAJhCMCbUZslrX7Am7GhHb3jp67KV//6m+YvXPPTxVtvI//w1df3u7f2vS1YId/BEaC0JDfVp2UjuMeNwSv339JwCkw+WDyDrl+O/B+OccaWFv/9Vzr4ZtlXSh/l/PWnZYsrf6UbhO3y/uTdujxnEeLpBtm/EU7LxXsrLpLcBi6X2M/L9l2TmatPmk/8p0EwpTA7NUBjQAzlx/3eH+nocxZAb8PMJx5kjAzDkBBDenOurf63so9KcYoc7rpWgju7rhw6c2TJ4/06tXLVgn0feHChbJ69WqXUj916lTJmTOnfPXVVwGuw2IcY3cXTwo76qC/nup7Gpt7m/Yz+DjHDO+GtWvX6uno0aPLwIEDJUaMGLa61vV0T1Tw1B/U9fYduBrlAQmQQJAE5syZI2+88YakSJHCVbdRo0YSJ04cWbJkiZZdvHhROnbsKG+++aYaIDFXQUaNGiXWw+Cnn36St956S95++20ZOnSo6/f2+++/13Jc27NnT7l69aq0bNlSr+/UqZPs2bNHj/kfCZAACYQnAiPb55fCWRK6uuT34GGIPAmgEHtQvVzteTq4fP2eYJEJiREtiiz/6iWJGT2Kp6quMuzebT10RYplSyTz1/tf6zr56MB9Uer87E1xd2/D02fwGf1OftepB9DN3BbAPy47Lrfv/ruL7qrsOPA0VrQD5sGVkPAO7Lv05i3iPi5nv3YYb4H2o7fIj92Lyp/9Suvrp57F5N0xW2Wr8SJwins77gxR172Ovd69/MCpG7LFfPcUEghrAvVKpZYflh4T/M5DMA/Ba6ZCvmSurkxY5Cs52/6thrLSHyyX/SevyyUzx+G4x5SdkrHFIsnV7m9ZsfOCXlO//1rZfeyaHkd1tRKKBz/88IMsWrRIFdZkyZLJp59+qkotlF8orJDffvtN3VyhKGPRPXHiRIGbf9y4caVr166SPXt2r+UbN26UsWPH6vU+Pj6CHTVch4X67t27tf38+fNLt27dZMOGDTJmzBhdEEeLFk2V7jNnzuguPCrCAyBVqlSCftauXVuv7dOnj9SsWVOP7X9z586V1157zaXUR44cWT0PVq1apXHA8DL45ptvdAxRokRRpb1ChQrywQcfSMaMGXW3EAaKWrVqSePGjTVEYPjw4bJz5069RenSpaV9+/a6u4dFANrDPerVqyd16tSx3QjwjnHABRlhA5CyZctKlSpVdExY5Ddv3lzGjRsnn3zyiYwfP16/j5EjR8qOHTu0ftGiRXXxgR3L999/X3LlyqW80H8sJAoXLiyevsskSZLo9fyPBEgg+ARgtMMcgN8zp0SKFEnLfH19Bb9bcP/Hgr548eICo+TgwYN1vkNYEYyPmNMWL14smD9g9ENoAuanlClTyt9//y0DBgyQxIkTqzfCzJkzdV5q0aKFGgmdRglnH3hMAiRAAs+SwKff7ZJ3amaU/BkTSHejyP688oR2p3SuJDK5cyHpMHarVC+SQhqUTqPl2L1vUDq1xIkVVbpO2K4hAXFjRpWvWuSW2sVTBRgKlOB+b+aSnGnjqQGhUMd/ZFKnQtL06w26yw4vgNWDy0u9fmtkzZDyAa51//Dr/05KgzJppFCWBDJp0RFp9JKPVuk/c68kjhddZpld/6qFU8iSrefkdXNuyKz9MqJdftlz/JoM+e2A3i9d8tgytUshmbP2tNww3gefNcmhbUw3yv+OI1dNP+O731Y/Y1E8ZsFh5TFq3iEZPfeQtlcoc0KZ0LGg1Pp8tdYraxYDP/YoqiydDW3Yf1nGLTwsQ1vnc40VIQDtR22RTQf9c920qZ5ButbNKhV6rpDpHxaVLKniaExzue4rZG6vkrrgCIq3vScW/p6+y7V7L8r3S44JjDPwMMiaJq58/34RSZ04pvy1+az0nr5HjprFz2tl08g/huP6YRUkapRItlmZ/NcRaf5yesHPhpWSORJLq6oZZPKfR6S/+a4hHc3PzFxj/MHPxUevZ5NmFdPpgmrsI4bwHOkyfrv2IVPKODK4VV4pkjWhHDRGAIwRTHAtfnYQJtHH9AtyzsR/l8yZ2JQ9lNdNH+Oan0EKCYQmgXxmXsRCft3eS1LC/KxjnmlSwcf8nvh7nOL3GD+fMJbl8ImnHjXzzc/+G+ZnHr9LuaplkCNTq8rIOYdk7IJDUjZ3ErlkchnY8J9Q9xzAAn/BggXy2Wefybfffivp0qUTu4C2MfMAiHpQghHTj8Uw3PVRH4vk0aNHey1Hsi4oxVj4f/fdd5I1a1axC94DBw6oyz8WxMePH5dDhw4JlOO6detq23iH0aJSpUpaVrBgQV28Y3GM/lhBv5xu+1DokUAsRw7/CdzWix8/vlSrVk1gdIBx45VXXhHs3GEncP78+VoN1125ckXjjLEAnzdvni7Sp0+fLlgs4Lphw4ap8QDuxijHveFu/MUXX6gRxVvowq+//qoLgmnTpumCYMWKFZI6dWplA2MJDCgQ9B+7/+gbDAkwYowYMUL27dsns2bNUsMJxgwjBuq8/PLLajzx9l1qo/yPBEggRARg7IM4vXxsA/DMiRrVX8HAwr5EiRICo0H16tW1CgwHVmAcgEcQ5jbMmai3fv16QegA5k/MATFjxpTevXur94H1GkKZ7YNti+8kQAIkEB4IYKF42+z+L9l2XsMLdo99WfZPqCzHzt/S3dqXCySXX1b6u3RDEf5j4xldHH72/W7pWCezHJ1aTXo3zSFT/z762HCcSjBOIl9AxpRmgd61sGBRuGpwOVP6UMu9eVXiOuwkf/fPUXmlRCqpXDC57lLbnTe4so/4/aC8Xy+rtDGKOO6JupM7F5asqeOo4v7bJ8W1n8XhdWAU9+rGiDDD7PRbb4KZy09IxfzJcSuPcscsUMEJCcgG/rxPfv24uByeXFVyGKPHX1vOyvKBZfU6LBDypPc3MKDPCzeckVf6rDELZ19jgMlkFtr+DDDWiX/4Kgu0s3RAWRm/0FeimD9VxbMn0uvQ4P/MTqNPkliSImEMCQ5v23lv3yXG++cmYwRomlMOTKyibWOxg++lxbBNMrhlHvGdUlXv5ym3AwwtRc0i3l2wsN9ujCtWMprvFuP6+aNi8tG0XWp4wWIIDCEdxmyTOsaQhJ8dGGiaDdqg3iqdTEhH+XxJ9drxxujSefw2qVoouXRvmE3eNIutoW3y6c/AA+NpUbP3ahlgvgvkq6CQQGgSaFo+rfxijJPwxJlu5o36pfwNpbhnEmOY3Di8guw/cd2ESu0z8+g5M0/860HUuJyPRDa6YulcidWbwL2foW7eggIKgwBc2YsVKyYvvfSS7kCvXLnSvS/6edeuXbpbhl1sCDwJGjRooIoudtHcy5GwC7J06VJ9wW0Wi9wMGTJoeY8ePaRIkSK68505c2Y9hpfC4cOHJV++fOo5gJ1xLOjxDiU7KIHyDcEi211OnTolyZMnV9feTZs26eJ+zZo1AarVqFFD71egQAEtx0Ic44Drb6xYsfSFhTwWB1D2kyZNqsYBVIZij8WAJ4FBBZ4HiGO2icqwyMB3AME7chRYQf9wTxgOIPCUwA4kvA0g8JbAWGE0wWLD23eplfkfCZBAiAggdCB27NiC30O76EcD8PKBNw+MihA73ziPnWFGMC4kTJhQML9B8I7PmHfQvhUYH2GQTZs2rS3iOwmQAAmEawJYdGPhjh1f7KJj1wsx8jWM18CHJp7+3JU7stQYEOobrwHs2M4zu9mrdl8U7KQv3HA62GODohwrur/BNpYJJbgdjIzfK3ae1wUsFqd7T1xTw8LPK064dv6hgFcxi0grMBQUzJxAP0JxX7Pnosxde0oV99fK+kiudPEks9mZX7b9vB5jJ7t83qRqMLBteHpHf8uZeq1HbpZaRVNKrWIpVenHmCCxYkQxC/xIgtwF4IJdwhHt8kl647EAcY7140bZZdOByzJt8VHD0d/d+J4xKDQ03hHYwe9QO5MsMMaF11/yX4iEhLe37xJ9wE5/3gz+BoxixhBx5eY92WByKsALAjujEHgHjDTeEe6Ccfo9cq92nvMz/Y4Zzf87RXm7GhnV4wCGErhlrzY/JzkNcwgywMMzoID5fr74aa+WIVfD6j2X1OiDkAV4K4AdDFVxjAdBDNN21KiR9B3HrY0RqPnL6WSeCS9pOXyTeqb0fC27JI0f9LpCb8j/SCAEBGoVT6mGqCpmjkwYJ5rOGfZy3zM3pfpnq6Rt9Qz6+3PdJDV1SrSo9vfiXw8c53l71ln21I/79euni3AsbOEVALd+d7ELbeeOGepg1xyP9/JWDiUZ7UIhxgsL2ebGfR67+LgPDAuI2YXnwv/+9z9p0qSJIEwAu+JYRMPjIChxeg2gLhbtWFDb2F97PQwDCGnAArxLly4CAwgMI07FH3Xtzp29Du8YHwwUVrCjD0MHFH+EStjxYTxw7/ck8JhAxnOM3S4sPNVzlsEgYgXjci46bH+ci5PgfJe2Pb6TAAkETqBhw4YyY8YMV/gT5g548mBHv3z58nrxhQsXXKE/WPBjTsjwyPiJCnnz5tU5Dt4F8PKBYQFeUvBswhwEowDmMCQ9tMZUXOc+r6GMQgIkQALhiQDi+F/7cp3ZpX+gu7MIM4AkMMpwHbNj/6dxO0cdLPawKw5XehgFspnd+bcqpQtyKNaNNsiKHipMX3pcXsqTRA4Zt/ODJ2/owh87/3axbRff9lKfpLH0EIo73PIPnb6hirsz7AF9RpK7BevPaIiC033etuPpfWqXwjKsdV6JbQwBcJ/vN8N/geuse8DEHGPBnC9DAkllXPY9CTwBvvxpnySKG80YAvwNzqhXKqdxOzYeGghlgOdBNePlEFLe3r5LtI9+W7HLFbMhGkBgpPAk+TLGV4OK+7llO84bg4P/zwvOWWMJjsH1vuMGNr9CnnTxdZEFQw0MKHZh7/we8L3dNgYqT4JFV27TRm5jgEDYBjxIKCQQGgTgHYD5B54t8CJwynbfK5I2WSzp9EoWExqTSHYaw6pJP+is8thxwtjRzJM+/D1tQt04gEUu4mWxwMUuNVztjxw5ojtacPWHMozdLLjQQxAWgNh5hATAxemXX34RuMt7K0cSQLSBxXPlypX1muXLl6tSjNhbxOm+9957ej28BRDHjz4hpKBDhw76DHFrmLCksKMH7wPcH31Ff9wF16NfNqcBXO4Rxw/lHOPBwh6PJytTpoyGNLhf7/4ZORX++OMPVfwRWvHxxx9rG1D8EYaA0AfkEJg9e3aA3X9nO1gU1K9fXznYRy5alzgsKOyxvQYJGBGbjPHbkAF4U3gTb9+lt/osJwESCJwAvHRgIECuEMyPyAWAeREhRDDOwTAHjx2ETsHoCcMB5hXMUVYwx+CpBe+++67mNoExAfMsnnqA+REeRa1atdI5t2rVqnoZjAvI5WJznNi2+E4CJEAC4YkAdndfLZla48MRg474b7umQ46BaSZsAEnnsHg9f/WOutF+0iiHVDY79gfNIs4KEsdhpx7iVILnrjtlq+h8iwWjh01oV52/t5wTLLLPmjhzhDIMaJ5HPQXghj6oZV6TwDCyusjjAjN9BxD7OTDFvYbZ+YcnxDQTglDf7NZbgf6GxbjzZc/hMX1FOy8xHhZxzGIgsy4Idj1KLIY6NkzhwwbZBIn6Dp+5IZU//p+JNT4sV8yOuVOWGq8F7LDD2HLeeGVA4C6PxTFyJnw4ZYdJepZUjTPB5W3bD+y7tHWc7wUzJdDdfCyyMe6JJsGaleMmvMQmj2xTLaMg9wO8NrDIxwuffzKfEdJh5VvDFHLSuPzD+FLEkfASCy3kOoDg5w0GFBhJ0hqDDgwpPz8KYcHP0FtDNqonBr7eOw5X7dXmXHNz7vPpu6Wm+R6XDCjj8s7QhvkfCTwlAsYRSKWh8TiCh0tN4y3klGLZE6s3DPKplO+xQjKkiC1j5h8ONNylRZX0Jtxmpz55JdTDCpDYD3GvSGiHHXMsRLFYx6IXO9ytW7fWXbL06dPruBAfiwR92N2HIDkglF5v5XC5R5bu3iaeFrtt8eLF0117XId8AsjeDSUbCjYMA3CpxQ473PeRWwAJAe0OuY2/hVINTwO0i/Y8JdxDbgHsyEGpx3UYF7wRoJRjXFC+YXzAOXgzwHth2bJlOiZP/+FeaAsLAFyDRQPaaNq0qeYPsOVgiYUA3PydgkUEEh5i8YBHLMIYA5di5B/AogP9Q4gGchdAUL9Zs2bkMuKcAAAdx0lEQVSatNFmL8+WLZsuVJz5FmxdvHv7LnGOQgIk8N8IIJwHLxjfMN9grrKCUCy8oBgivwrCBawnD36nMVfg8zvvvKNzKTx/nNfDAAAPARgHneVIvEohARIggfBOoHrRFNJ44HpZZDwE4pjd5aImPh+JtirlT2ZcvJNK1yvbpaFJAofFa3ITA49s3aW6LdNFeo0iKTXhHNzgV5oQgJMXbutOPZRgZLdHckC4s1vBTttNo2ina/6H7BtfWYvtfGvr9DLPGG8OjwSjnONaXGMFfUBfZq44rotCMzUHEPtZFfcf9woUd+w0w1Udijvi1+FdgIU5chcg+R/ETPOyfMcFzS7ubHCGcXWHpEwU0yTr8xEkHkxsXNgxBiQ9hIBHia7m2eeflVAXfeQJQHhD+xqZzAL6hLxqkjPO/ayk1sV/Tcr5qEs8FsRw80eyxCGzD8jnJh8AFs2jTVhCN3M9JLi8tbL5z9t32fO1bGaM/8KynNCH0eapFa1HbNLwDbs7ivMIfcDTCGoVq6YLn1mflNCka/B8gIDDbyYHA8I0rj96xCR+BsabBIzIW9C5bhb9WVq5yz90AteMaJtP2o7aomEF+F4+eT27xIsdVb55p4C8840pN0kmUyWJKV+3yCPRzXmEJ3xufhZhnEFCwr3Hr8v79bO68jugTQoJPG0Cw0yOCysvF0gmx6ZVsx81Ean9sNrkTkG4DLyA4DXTyxgw4xvvAGd95OVY8HkpvQThSJUKVFZDXCSjOKqfARLl2dhz2/DTfMfuPmLrEyRIoAqtbRsKL8rcJ2Aos6jv3idv5VCesWPvXh/jwjVYsFuBAo2dfdS1hgF7zr6jDhb/UMYDE9z37Nmz2pZzNw/XYMcfC3TcA33Dsfs43dtGPRguoPQ7BYYMtGOTlDnPOY/BDPdAG2COdryN0V5njQHOxYM95+nd23fpqS7LSIAEnj6BCRMmCBKOwhjoPuc9/buxRRIgARIIWwI1eq0SeACU0izwRh+846dxtXh0F46RNd6b4HFdcWOaXFJmAYeFYWxz7HQpx3VI4ofd6HjPKLM8dredivtVE2MPxR0Cw0VFs6iHoSEkgnAGxBZjMYAcA8ER8ASj3O0Xy6FJVfyZGeNCJPMvjuGGNrFwx2LYmwSHt70WYRzB/S7Rrxnm2e0tjTHHqPGy2eQEsE9nsO25v6Mv0MvxpAhPAub42bFhAovN0w++MQYPJHO0Am8KhK24i7dy1ANH958x9+v5mQSeFwJhZhx4XoCwnyRAAiRAAiRAAiRAAs+GANy5vzUJ8dYNK//MFu/PYuTYgcbzxxESsMw8aQCJBsNC8OQCJC1E0r3wJFhwN+i/Thfy2c3j2JabHAII34DXyNOQwyb3w+sD1mnIChItUkiABPwJ0DjAnwQSIAESIAESIAESIAESIAESIAESiOAEvPsJRXAwHD4JkAAJkAAJkAAJkAAJkAAJkAAJRBQCNA5ElG+a4yQBEiABEiABEiABEiABEiABEiABLwRoHPAChsUkQAIkQAIkQAIkQAIkQAIkQAIkEFEI0DgQUb5pjpMESIAESIAESIAESIAESIAESIAEvBDw/iwYLxc4i48dO+b8yGMSIAESIAESIAESIAESIAESIAESIIHnkMATGQd8fHyewyGzyyRAAiRAAiRAAiRAAiRAAiRAAiRAAk4CDCtw0uAxCZAACZAACZAACZAACZAACZAACURAAjQORMAvnUMmARIgARIgARIgARIgARIgARIgAScBGgecNHhMAiRAAiRAAiRAAiRAAiRAAiRAAhGQAI0DEfBL55BJgARIgARIgARIgARIgARIgARIwEmAxgEnDR6TAAmQAAmQAAmQAAmQAAmQAAmQQAQkQONABPzSOWQSIAESIAESIAESIAESIAESIAEScBKgccBJg8ckQAIkQAIkQAIkQAIkQAIkQAIkEAEJ0DgQAb90DpkESIAESIAESIAESIAESIAESIAEnARoHHDS4DEJkAAJPAMC169fl+3bt8vRo0flwYMHrh7cuXNHrly54vrsPLh06ZLcv3/fWcRjEiABEiABEiABEiCBF5TA5Rv35MzlO4+N7r7fQzl18bbcuuv32LmQFoRr48Ddu3cFCrC7eCt3r+fpM5Tpc+fOPfb6L0o2+rF3715V6qHch5Xcu3fPxeXy5cuCz8EVLiiCS4r1SCD0Cfj5+cnEiROlXbt2MnXqVOnTp48e79+/X2++ZcsW+fLLLz12pF+/frJ161aP54IqHDx4sNy8eTOoajxPAiRAAs+EwIWrd+Xe/X8NpWHdiYcPRRVtvF+/dV9f3vpwzZw/b/obWnLjtp9cvPZ4+3fuPRBwelJxjvVJ2/J0/QXT97uh/F0+MIPYeeSqrNp9UU5cuO2pG4+Vhfa4H7shC0jgKRDo/cMeKdp5qRw5G1CHm7P2lBTvukx+X3Pqie8Sro0D2EmDAgxZu3at/P3333rsLNeCEPx37Ngx6dKli3z44YcBXqdPnw5BKyLLli2T1q1by8iRI/UF5X7x4sUhauO/Vt62bZuLS9++fQWfAxPnQuBJFhSB3YPnSIAEQk7g999/l3Xr1gl+R/GCoaBixYr6+33r1q0ADcKQ4JTu3btL7ty5XUUPjabjXgcnPZVv3rxZ4JVAIQESIIHwSKD1yM2ybt/jm0Oh2dej527JoN/8DbNYeEPRxvuERb768nbvNiM2S6GOSwRGgtCQWatPSqfx2x9resP+SwJOgcmHk3fKjduB98s51sDa+q/nWhs+60Pxu4Rhpvpnq+XdMdvky5/2Scluy2TAz/tc3fXGILTH7eoAD0ggFAjMdjMCzFx+wuNd8HPuSe4/eGj0Q09nRMKVcQDutM4dfCi+PXr00J5jUY9deoizXAvMf54UYJzzpCyjfMqUKQFePj4+KFbxdg1O4pyvr/lDMWGCdO7cWUaNGiXjx4+XZs2aaXsXLlzwb8T8j7E4XYRdJx6dc37GsbcxeCt3vx6f3RmizLkQcF9Q4Ly38Xq7b0g8FdA+hQRIwDOBuXPnStOmTSVFihSuCq+//rrEiRNHlixZomUXL16UTp06yVtvvaVeBTCOQjD3WA+Dn376SZo3by4tWrSQYcOG6e80fn+///57Lce1H330kVy9elVatWql12P+2rNnjx7zPxIgARIITwRGtssvhbIkdHXJzyiyIfEkgELsTfF1Nep2cPn6PZm37oyWxogWWZYNLCsxoweuJmP3buvhq1IsWyKZv97zJhOUcKc4P3tT3J31vR2Dz+j2+V2nsXsO12Kn/Lj8uHEz9rw4sPU8jRXtgHlwJSS8A/suvX3HTmbuffp+yTFJnTimLPmyjMztVUJmf1pcvpl/WHzP+O+semMQJUokj9+xpz7gZykkPNz7yM8k8DQJ1CuVWqYvPS74nYdgHtrue1Uq5Evqus3ERUckV7vFkrX1X1Lmg+Wy/+R1uWTmOBz3nLpTMrX4U3K3Xywrd/qvWxt8sU52H7um10d1tRJKB7t27ZIRI0bImDFj9A7t27eX2rVrS82aNWXFihX6wi7+kCFDXDvgWKj37t1bFd+ff/5ZihcvLrNnz9br4UZfp04dQTlccHFtxowZdfcNi1a027hxY4ExYdCgQYLFerJkySRKlCiqOMeKFcvrSE+cOCFDhw4VeBFEixZNXn31Vb0X+rlp0yZVrBH/mz59eilUqJAULFjQ1VaVKlUkatSoqpSfPXtWXYERvgApU6aMy20Y/QcTuPRmzpxZPvvsM4kcObL88MMP8tdff+n16dKlU6NI/PjxBUr//PnztR3cr0OHDnrs/h8MEZ4Yvvfee1oVC4GePXvK9OnTpWHDhpI3b1758ccfZeHCha57wqMCrLwxhffG2LFj1QABPh07dpR8+fK5d4WfSYAEgkHg2rVrGhKUK1euALUjRYokOXPmlCNHjkiSJEl0rsCiH/Mgfl/xe4759MaNG4LQpo0bN8o///yjRoEYMWLovAijQ6pUqdSbCWEJiRMnVm8EzCejR4+Wli1byoABAwIYJQJ0gh9IgARI4BkS+PS7XfJOzUySP2N86W4U2V9WntTelM6ZWCZ1LiQdx22T6oVTSP3SqbW8zcgtehw3ZhTpOnGHhgTEjRlVBr6dW2oXTxlgJFCC+zbLKTnTxlMDQuFOS2Rix4LyxqCNct3sssMLYNWgclK//1pZPbhcgGvdP/y26qQ0KJNaCmZOKJP/PCKNXvLfaPpi5j5JFC+azF59SqoWSi5Ltp2X119KI0NmHZARbfPJnuPX9Rj3S5cslkzpUkjmrj1t7u8nnzXOrreZsey4Kvy50sVzv61+3mEWA2MWHJbJhsfoeYfM67B//01fxncoILX7rNF6L324QmZ0L2JYJgjQzsYDl2XcQl8Z0jqva6wIAXhn9FbZdPCy1m1TLYN0qZtFKn60UqZ/UEQyp4qjMc3le6yUOZ+VkANmwREUb3tTLLo9fZdr916SH5YeExhn4C2SNXVc+e79wrrg/2vzWfl8+h6BV0fDMmkMx3Oyblh5iRo5km1WbpsY6ys378lV80oQJ5oUMuP/tlthiRc7qnp/oKJlMN8Yf+z3UqlAMvnRMMZ3DH7wQFi+47zeq4r5zsa+V0CimL/Hw+cclPGGEwTluN/QNnml64Qd0rqaWQ+Y+1FIICwJ5MsQXxfy+H0pkT2xzDLzTJPyPvqzi37g97jPjD2yqG8pyeETT7pN2m6Ml2ekWYW0WidnuvjiO6WKjJx7SOeQMrmTqOHAhv8EbhJ9CiPNnj27wD320KFDumBHbP6GDRu0ZbjTwgsAi84DBw7IuHHjZNKkSYKdst27d6viCwW4WrVqUqNGDSlatKh88MEHrnI0gvawYMdOfrdu3XQhjZ3wr7/+WkqUKCHfffedNGrUSBf8UKSt9O/fX+zLGh6++uoryZo1q0ybNk0+/vhjXZhjIQ+jw/r16yVbtmy6aIfhAcq7U6DQV6pUSZInTy6//vqrpEyZUqaaGGIo5itXrlQXXhgEsFM3cOBA3fWDBwLGCQ4ISUBduBXDWAAl3qn0YzEAowWUfk/ijSEWAhAsBNB/u6BAfSw0EGaAfiZNmlSGDx+udb0xRZ9eeeUV5YP3RYsWaX3+RwIkEHIC+D2HePIuwhwGgyYEC3vMZZhjqlevrmWYO6xgbooePbrOGZjvUA9zLDyGSpcuLalTp5aYMWOqwRUeTjAgQFBm+2Db4jsJkAAJhAcCSLp1556fLqrXmcXjrjGVZN/4ynLs/C3ZcuiKVMqfzBgM/N1ooQj/sfGMwHDw2fd7pGPtTHJkSlXp1TSHTFt89LHhYPfMKsE4iUVhxpSxdYGeKWUc+d+gl/QalAfmfYDd7O/+OSavlEglVQomMx4EV1w7b1j0j5xzSLq9msUsIDMYxfuu1oVhI0vqOKq4//pxMe1nsezwOjgj1Yqk0MWq9SaAmzDG6U0wBnBCArKBv+yXX0x7hyZXMYuBuPL3lnOybEBZvRQLhDzp4+sx+rzQsKrbd61MMsaM9jUz6kLbjhW7jRlSxJZDk6rIkgFlZPwfvhLFLMSLG8+IhRvOaBv/23VR0iSJKSkSxggWb9t/GEg8fZf4nv/cdFZ6Nckh+ydUFp+kMdWognwKLYdvlkGt8shhM64UiWL453bw3yy1zcpbldIZr5KHkvfdf6TxwPW64MH3mCRe9McYOL+Xtyun1/bwHSMkBPkKfv+0hGweWUFWmTFuNT9nMEbASLP4i9KyYXh5OXPpti6iYkWPIq2qppexC3ylnjEiwYhBzwLXV8KDMCAAY8Cv/zupP3f4Ga33yFCKW+Nnf4Mxou0/eUO+NqFSS83vHoxaVhobQ2VkoyuWzulvFLDl9j3UPQeg4ObPn18VVbjKlitXThfLUH537Nih7vjYrYa3wNKlS+XgwYO6U4aFPHbiIWgDyi8+491doDDjXIECBfTUqVOn1MCAnX8oythxQxiBUypUqOD6iN05GBjgZQAXX9wvS5Ys6hkABRs7cAkTJhS4+0KgUHtyrYdRA54Jbdu2lZ07dwriiW0+AFsfXgSJEiXSdqC0Y/cQScWsEo8TvY3XBPigz1bpR7lV+tOmTYuPAaRUqVIeGXpbCMATAve0bcHbAoYXG9bhzhSGjSJFisisWbMECxN4DHjzYgjQMX4gARLwSADzYezYsdUryS76UdHOjTBqQvB7b8UeOw0KCB/A/ARPJAjeEyRIIGvWrNH27bUIKYBx0P7O23K+kwAJkEB4JVC5YHJduM9dd1p2Hr2mu15YPNcwC+nuU3bKuSt3ZOn28wI327ixoqpb+WqzyMNO8IJHi9ngjA2KMhZ8ELzfDsIVH/VW7Ligi8s9xhV3r/EEwIL0Z+PhYHf+G5Xz0Z1m1IXAUFAwk//uPRT3NcbogXFBcX+tbBrJZTwZsDO/zIwH3gJHz92UcnmTCtziAxP0F/WQ+6BWsZT6KpUrsSr/uC5WjCi6wJ9lvBxGGe+CsmaXcHjbvJI+eWxt1jnWj1/PJpuMR8G3xqiyas9FPX/P74HxjkijO/jvGcPLgg2njReEv4cE3PiDy9vbd4mblMyRWPKa3VAIQjSuGKPHepNTAbvy2BmFNDdGgFFmp9NdUpmQAvTj4Okb2vdFxtDw9a/7ZdYnxaXwo9AUywDX2u/FOW6U42coSXz/NUbBzAm0DyuMy/VrZuy4B6RZxXQugxPahofGYRO+AEPLgJ/3S+dXMj/mqaIX8j8SeMoE8Ls+0PzMVS6QXBIajxnMH1YQUlOj12ppUz2D/v7ccMuHEi2q/+aUQ720l+p7qHsO4C5YhGIXHAtl7P5jUYzkgnCbx047kvvZBXH58uXVlTZAL4P4YBfAtppTcbZldtFrP2MxbV/wbrDX2N061MMxFHUIDBhWoFy7ZwmHgg53fDyKDLHA2I3H+LDodop7X3EOhgOn0QNKPEITnEo/FH54JmDH3pOElCHado7VGmIsB0/9xFgQypEhQwY1fLz//vueusIyEiCBYBJAiA/Ce+BBBEGSwG+++UYNkJgLITBawpAKgccPfkcR2mQFIUIwTMIIijkCdQ8fPqzeTfBaggESxlaETOHpB1aswdJ+5jsJkAAJhDcCuhAdsF5j6euY8ADrGg/38TrFU5kd23OywOy6Y2GHXfHan69Ro0DWNHHlrZfTBTkcpwdBkJXdKmC3Dgvtg6dvyoFTN6SAWfjDTd0uOtMnjxXgCh8TPgCB4g63/ENmMYuFb22j5Ft5s1JadRGGYQML8KgmLj44grCEoSY8AItghFz0+/HfhHz2+v2mj9jdzmdCNexi156z771MJvQvTTK/RHGjyXu1MtligbEB3g87zBMB/thwVqoZ9/qQ8vb2XeImsU2/rbiM4G4eAvfc8inY+kg4iDCIzMY4g9ADhIjUNd4cCNPwJO7fi60Ty0N+iQeGF/5ZgaHEXZDvAG7e8ICAgYJCAmFBAN4BL+VJIp1NslJ4ETgF+QfSmvmmU53MUiRrQjWswkMmMEkQJ6qGMaFOmBgHECt/8uRJdanPkSOH7jpDIcbiHIKFdrFixTS+H8YCxOXbRapWePSfMyzAWe5+jF20uHHjypw5c3SBjYXz7du33asF+IzdfCzmsTMOgfcBvAZsTL3T/RY5E5Ac8Y8//tB+YqENl3vcF4YGKOf16tWTypUrq9KO9lDHmyBEwZMS703p99ROUAzdFwJoG/fEwgN9w7gRCuE0Urjf55133lGjRd26dQW5DPA9UUiABP47AcwRDRo00LAfJA1ELgDkPkHIEwx2UJLg/o+8LW+//bYaDuCZBK8DKzC+IjwLv5PITYDfaeRlgXcU5lvkecGTVeClULVqVb0MBr6uXbtq/hPbDt9JgARIILwRgKt33ZKpzY5tWo1BP2gWuFafQr4BhA3AnR+L1/NX7mrSrU8aZZfKxs3/kKlrBaEIa/b674Q7leB5ZufeiplujREi8ESGi427/gHjqnvWPGccoQwDmudWTwF4C8D9HQkM/zQu5hC7yHW1/+ggMMW9RpGU6jmAnfsGZnxWsEhFkkDny547femOFDOPNoPnAhYDHc1r99Gr9rQ+cQEfPqyfVWb2KCqHjTGjyierZOzCw7o77qpoDpYaN/p21TPKq8bYglADCO6NGH94N2AhXt4kPYNxJri8tRHzX2Dfpa3jfIeXBRb9yI0AQ8TERb6u08dNeIlNABktaiQZOvugayx49CSMNcjlYMWGauCz+/di63h6L26MN/AGgYcK2kXYhRWEdCDxYdVPV8lJ8/hEeCrAc4BCAqFNIJL5fYTAGIZQmVpF/zUwohyhSvj5RD6VCj1XqpcQ8pOcMmEx3qRllfTy0bRdmnMl1MMK0AksOKGkXrp0SRVdhBkgyV7JkiW1j3C1x64WFuOoi515xP1DobUCN3/kBvj0008Fi9PABL/42NVG1m4YCOCpgIU/dsOdi3z3NpCzALkKkBgQxgkkGUSoApJ9OQUJA5E9HDkSZsyYoacQToDrIVDKkSMAYQFp0qRRpfzbb799bEKyExTqw6sCSjx288EKSjyS/iEzOZR+9BuhF3hkIkIW3MUbQzC2CwFkK7eC+sh/gAUC2o4XL556Ptjznt4RVgGvCIwVeSSQ/JFCAiTwZARgbMQLCUzxewhjgBUYTfGCMgxjHAyQdt6AwQ+/u/hsDQDwkHJej99vGFUxnznL7SNi7X34TgIkQALhkQDCBxp/tcHEpJ+ROCbBYNFsCU28/l6paGLxy5pds24T76iCjMVr8oTRNVt36feX6yK9urkWO93YhUdG7lMXb+tOPZTg9ibpHpIDljDu7Faw03bzjp+kf3uR7B1XWYvN9BpAev2wW2PcMe/CFR7XWEEfoKzPNGEAcNl3u9Q1d6viPtNfcYd7b5lcSTQpGLwG0iSJZRbmqTR3AUIMIAh5gHt7ppZ/2lvp+4wPi+h7ShOLj4V7WZN4MLFJgogxIOkhBNnL8Wg/ZPCHiz7yBHSrl0Xa1cgov5owg3r912liQa1s/mtSPq20MuEJ8CyAmz8W2Fh49zb5G141Rhosht8310OCy1srm/+8fZc9GmY1bGwts3h/dIg+jDJPY8CjEGGoaPpodxR1Nx28Iu+N2SpHp6aUHg2zqdECOQfQX5u8sKlJvgZxMsBn2z6OIc57+5cgfNi/VtXCydX4VK77Sj31skliiOSH8A6pb9i1qJxOFvYp6QpJsdfznQRCi8AwkwzTCpJqHp3qv+mDMoS5WFllcqfAQAAvIMwhyOkR3yTpdNZHaMyCz/3X4jWNgWHv+GRqgIxkFEfd0kYSOuy2h0Ss9TYk13irC0UXC04s4tEujrHT9V9l3rx5msQLHgFoC9n6kWnfus8H1i7ccHFvp9u9t/pw58UfCZtHwNZDjD7KsZCGqzCUeCz2AxNPSjzqQ+F3V/o9tfNfGKJdeFUE97tHmAXCHlA/qPF46iPLSIAEnpwAErDC8wcJR4P7u/vkd2ULJEACJBA2BBAvCw+AUibJIFz/seBFXC0e3XXLHMNQ4E2QcBBPLcDCG7u9sc0xlGOnIIkfduHjmTwFz0Lg3u9U3K/evK+KO/oCw0XF/EnV0BCSvmHBesPsIiY0iwEkEQyOgOf1W36S553FcnBiZWWGNrCEjmO4oU2jvkr0RzHKntoMDm97XUi+S3x3Py4/IS2qpDPfu3kst/EgsE9nsO0539FvGBGSmrwBgf18OK8J6hiPf9t34rpUM0/GwI/QNyZnA0I3YGACO/efq6Da43kSeB4IhBvjwNOGhV371atX684/dsiRTO/NN9982rdheyRAAiRAAiRAAiRAAk+JwAAT8/7t4mOydmi5Z7Z4f0pDCVEzCA/A88d3mQSHS82TAmyCxBA18h8q48kFiLef0b3of7g69C7B4huPnYwWJbJkN09gWG4SQCJ8A14jYSUnjbdJrd6rTWx3UjWSbD10Vaaa/A5Oj5Gw6gvvQwJhReCFNQ6EFUDehwRIgARIgARIgARIgARIgARIgASedwJhkpDweYfE/pMACZAACZAACZAACZAACZAACZDAi0yAxoEX+dvl2EiABEiABEiABEiABEiABEiABEggGARoHAgGJFYhARIgARIgARIgARIgARIgARIggReZAI0DL/K3y7GRAAmQAAmQAAmQAAmQAAmQAAmQQDAIPNEzXI4fPx6MW7AKCZAACZAACZAACZAACZAACZAACZBAeCbwf5rSFnM310DsAAAAAElFTkSuQmCC,2020-02-13,AA16789-4,12.89,USD,PAID,United Manufacturers